http://backpack.tf/stats/Vintage/Frontier%20Justice/Tradable/Craftable,http://steamcommunity.com/market/listings/440/Vintage%20Frontier%20Justice
http://backpack.tf/stats/Vintage/Buff%20Banner/Tradable/Craftable,http://steamcommunity.com/market/listings/440/Vintage%20Buff%20Banner
http://backpack.tf/stats/Vintage/Jarate/Tradable/Craftable,http://steamcommunity.com/market/listings/440/Vintage%20Jarate
http://backpack.tf/stats/Vintage/Sandvich/Tradable/Craftable,http://steamcommunity.com/market/listings/440/Vintage%20Sandvich
http://backpack.tf/stats/Vintage/Ubersaw/Tradable/Craftable,http://steamcommunity.com/market/listings/440/Vintage%20Ubersaw
http://backpack.tf/stats/Vintage/Homewrecker/Tradable/Craftable,http://steamcommunity.com/market/listings/440/Vintage%20Homewrecker
http://backpack.tf/stats/Vintage/Natascha/Tradable/Craftable,http://steamcommunity.com/market/listings/440/Vintage%20Natascha
http://backpack.tf/stats/Vintage/Axtinguisher/Tradable/Craftable,http://steamcommunity.com/market/listings/440/Vintage%20Axtinguisher
http://backpack.tf/stats/Vintage/Blutsauger/Tradable/Craftable,http://steamcommunity.com/market/listings/440/Vintage%20Blutsauger
http://backpack.tf/stats/Vintage/Scottish%20Resistance/Tradable/Craftable,http://steamcommunity.com/market/listings/440/Vintage%20Scottish%20Resistance
http://backpack.tf/stats/Vintage/Flare%20Gun/Tradable/Craftable,http://steamcommunity.com/market/listings/440/Vintage%20Flare%20Gun
http://backpack.tf/stats/Vintage/Dalokohs%20Bar/Tradable/Craftable,http://steamcommunity.com/market/listings/440/Vintage%20Dalokohs%20Bar
http://backpack.tf/stats/Vintage/Killing%20Gloves%20of%20Boxing/Tradable/Craftable,http://steamcommunity.com/market/listings/440/Vintage%20Killing%20Gloves%20of%20Boxing
http://backpack.tf/stats/Vintage/Backburner/Tradable/Craftable,http://steamcommunity.com/market/listings/440/Vintage%20Backburner
http://backpack.tf/stats/Vintage/Equalizer/Tradable/Craftable,http://steamcommunity.com/market/listings/440/Vintage%20Equalizer
http://backpack.tf/stats/Vintage/Frontier%20Justice/Tradable/Craftable,
http://backpack.tf/stats/Vintage/Pain%20Train/Tradable/Craftable,http://steamcommunity.com/market/listings/440/Vintage%20Pain%20Train
http://backpack.tf/stats/Vintage/Razorback/Tradable/Craftable,http://steamcommunity.com/market/listings/440/Vintage%20Razorback
http://backpack.tf/stats/Vintage/Bonk!%20Atomic%20Punch/Tradable/Craftable,http://steamcommunity.com/market/listings/440/Vintage%20Bonk%21%20Atomic%20Punch
http://backpack.tf/stats/Vintage/Homewrecker/Tradable/Craftable,
http://backpack.tf/stats/Vintage/Tribalman%27s%20Shiv/Tradable/Craftable,http://steamcommunity.com/market/listings/440/Vintage%20Tribalman%27s%20Shiv
http://backpack.tf/stats/Vintage/Southern%20Hospitality/Tradable/Craftable,http://steamcommunity.com/market/listings/440/Vintage%20Southern%20Hospitality
http://backpack.tf/stats/Vintage/Chargin%27%20Targe/Tradable/Craftable,http://steamcommunity.com/market/listings/440/Vintage%20Chargin%27%20Targe
http://backpack.tf/stats/Vintage/Force-A-Nature/Tradable/Craftable,http://steamcommunity.com/market/listings/440/Vintage%20Force-A-Nature?filter=Force-A-Nature
http://backpack.tf/stats/Vintage/Escape%20Plan/Tradable/Craftable,http://steamcommunity.com/market/listings/440/Vintage%20Escape%20Plan
http://backpack.tf/stats/Vintage/Scotsman%27s%20Skullcutter/Tradable/Craftable,http://steamcommunity.com/market/listings/440/Vintage%20Scotsman%27s%20Skullcutter
http://backpack.tf/stats/Vintage/Sandman/Tradable/Craftable,http://steamcommunity.com/market/listings/440/Vintage%20Sandman
http://backpack.tf/stats/Vintage/Ambassador/Tradable/Craftable,http://steamcommunity.com/market/listings/440/Vintage%20Ambassador
http://backpack.tf/stats/Vintage/Cloak%20and%20Dagger/Tradable/Craftable,http://steamcommunity.com/market/listings/440/Vintage%20Cloak%20and%20Dagger?filter=Vintage+Cloak+and+Dagger
http://backpack.tf/stats/Vintage/Direct%20Hit/Tradable/Craftable,http://steamcommunity.com/market/listings/440/Vintage%20Direct%20Hit
http://backpack.tf/stats/Vintage/Eyelander/Tradable/Craftable,http://steamcommunity.com/market/listings/440/Vintage%20Eyelander
http://backpack.tf/stats/Vintage/Wrangler/Tradable/Craftable,http://steamcommunity.com/market/listings/440/Vintage%20Wrangler?filter=%D0%BF%D0%BE%D0%B2%D0%BE%D0%B4%D1%8B%D1%80%D1%8C
http://backpack.tf/stats/Vintage/Stockbroker%27s%20Scarf/Tradable/Craftable,http://steamcommunity.com/market/listings/440/Vintage%20Stockbroker%27s%20Scarf?filter=Stockbroker%27s
http://backpack.tf/stats/Vintage/Dead%20Ringer/Tradable/Craftable,http://steamcommunity.com/market/listings/440/Vintage%20Dead%20Ringer
http://backpack.tf/stats/Vintage/Crit-a-Cola/Tradable/Craftable,http://steamcommunity.com/market/listings/440/Vintage%20Crit-a-Cola?filter=Crit-a-Cola
http://backpack.tf/stats/Vintage/Gunslinger/Tradable/Craftable,http://steamcommunity.com/market/listings/440/Vintage%20Gunslinger
http://backpack.tf/stats/Vintage/Warrior%27s%20Spirit/Tradable/Craftable,http://steamcommunity.com/market/listings/440/Vintage%20Warrior%27s%20Spirit
http://backpack.tf/stats/Vintage/Gunboats/Tradable/Craftable,http://steamcommunity.com/market/listings/440/Vintage%20Gunboats
http://backpack.tf/stats/Vintage/Camera%20Beard/Tradable/Craftable,http://steamcommunity.com/market/listings/440/Vintage%20Camera%20Beard
http://backpack.tf/stats/Vintage/Football%20Helmet/Tradable/Craftable,http://steamcommunity.com/market/listings/440/Vintage%20Football%20Helmet
http://backpack.tf/stats/Vintage/Prussian%20Pickelhaube/Tradable/Craftable,http://steamcommunity.com/market/listings/440/Vintage%20Prussian%20Pickelhaube
http://backpack.tf/stats/Vintage/Sharpened%20Volcano%20Fragment/Tradable/Craftable,http://steamcommunity.com/market/listings/440/Vintage%20Sharpened%20Volcano%20Fragment
http://backpack.tf/stats/Vintage/Brass%20Beast/Tradable/Craftable,http://steamcommunity.com/market/listings/440/Vintage%20Brass%20Beast
http://backpack.tf/stats/Vintage/Loch-n-Load/Non-Tradable/Craftable,http://steamcommunity.com/market/listings/440/Vintage%20Loch-n-Load?filter=Loch-n-Load
http://backpack.tf/stats/Vintage/Sun-on-a-Stick/Tradable/Craftable,
http://backpack.tf/stats/Vintage/Demoman%27s%20Fro/Tradable/Craftable,http://steamcommunity.com/market/listings/440/Vintage%20Demoman%27s%20Fro?filter=Demoman%27s
http://backpack.tf/stats/Vintage/Respectless%20Rubber%20Glove/Tradable/Craftable,http://steamcommunity.com/market/listings/440/Vintage%20Respectless%20Rubber%20Glove
http://backpack.tf/stats/Vintage/Otolaryngologist%27s%20Mirror/Tradable/Craftable,http://steamcommunity.com/market/listings/440/Vintage%20Otolaryngologist%27s%20Mirror?filter=Otolaryngologist%27s
http://backpack.tf/stats/Vintage/Scotsman%27s%20Stove%20Pipe/Tradable/Craftable,http://steamcommunity.com/market/listings/440/Vintage%20Scotsman%27s%20Stove%20Pipe?filter=Scotsman%27s
http://backpack.tf/stats/Vintage/Pyro%27s%20Beanie/Tradable/Craftable,http://steamcommunity.com/market/listings/440/Vintage%20Pyro%27s%20Beanie
http://backpack.tf/stats/Vintage/Shooter%27s%20Sola%20Topi/Tradable/Craftable,http://steamcommunity.com/market/listings/440/Vintage%20Shooter%27s%20Sola%20Topi
http://backpack.tf/stats/Vintage/Mining%20Light/Tradable/Craftable,http://steamcommunity.com/market/listings/440/Vintage%20Mining%20Light
http://backpack.tf/stats/Vintage/Glengarry%20Bonnet/Tradable/Craftable,http://steamcommunity.com/market/listings/440/Vintage%20Glengarry%20Bonnet
http://backpack.tf/stats/Vintage/Crusader%27s%20Crossbow/Tradable/Craftable,http://steamcommunity.com/market/listings/440/Vintage%20Crusader%27s%20Crossbow
http://backpack.tf/stats/Vintage/Professional%27s%20Panama/Tradable/Craftable,http://steamcommunity.com/market/listings/440/Vintage%20Professional%27s%20Panama?filter=Professional%27s
http://backpack.tf/stats/Vintage/Stainless%20Pot/Tradable/Craftable,http://steamcommunity.com/market/listings/440/Vintage%20Stainless%20Pot
http://backpack.tf/stats/Vintage/Bloke%27s%20Bucket%20Hat/Tradable/Craftable,http://steamcommunity.com/market/listings/440/Vintage%20Bloke%27s%20Bucket%20Hat
http://backpack.tf/stats/Vintage/Buffalo%20Steak%20Sandvich/Tradable/Craftable,http://steamcommunity.com/market/listings/440/Vintage%20Buffalo%20Steak%20Sandvich
http://backpack.tf/stats/Vintage/Texas%20Slim%27s%20Dome%20Shine/Tradable/Craftable,http://steamcommunity.com/market/listings/440/Vintage%20Texas%20Slim%27s%20Dome%20Shine
http://backpack.tf/stats/Vintage/Engineer%27s%20Cap/Tradable/Craftable,http://steamcommunity.com/market/listings/440/Vintage%20Engineer%27s%20Cap
http://backpack.tf/stats/Vintage/Ullapool%20Caber/Tradable/Craftable,http://steamcommunity.com/market/listings/440/Vintage%20Ullapool%20Caber
http://backpack.tf/stats/Vintage/Trophy%20Belt/Tradable/Craftable,http://steamcommunity.com/market/listings/440/Vintage%20Trophy%20Belt
http://backpack.tf/stats/Vintage/Whoopee%20Cap/Tradable/Craftable,http://steamcommunity.com/market/listings/440/Vintage%20Whoopee%20Cap
http://backpack.tf/stats/Vintage/Gentleman%27s%20Gatsby/Tradable/Craftable,http://steamcommunity.com/market/listings/440/Vintage%20Gentleman%27s%20Gatsby
http://backpack.tf/stats/Vintage/Magistrate%27s%20Mullet/Tradable/Craftable,http://steamcommunity.com/market/listings/440/Vintage%20Magistrate%27s%20Mullet
http://backpack.tf/stats/Vintage/Backbiter%27s%20Billycock/Tradable/Craftable,http://steamcommunity.com/market/listings/440/Vintage%20Backbiter%27s%20Billycock
http://backpack.tf/stats/Vintage/Tough%20Guy%27s%20Toque/Tradable/Craftable,http://steamcommunity.com/market/listings/440/Vintage%20Tough%20Guy%27s%20Toque
http://backpack.tf/stats/Vintage/Tyrant%27s%20Helm/Tradable/Craftable,http://steamcommunity.com/market/listings/440/Vintage%20Tyrant%27s%20Helm
http://backpack.tf/stats/Vintage/Batter%27s%20Helmet/Tradable/Craftable,http://steamcommunity.com/market/listings/440/Vintage%20Batter%27s%20Helmet
http://backpack.tf/stats/Vintage/Conniver%27s%20Kunai/Tradable/Craftable,http://steamcommunity.com/market/listings/440/Vintage%20Conniver%27s%20Kunai
http://backpack.tf/stats/Vintage/Baseball%20Bill%27s%20Sports%20Shine/Tradable/Craftable,http://steamcommunity.com/market/listings/440/Vintage%20Baseball%20Bill%27s%20Sports%20Shine
http://backpack.tf/stats/Vintage/Bonk%20Helm/Tradable/Craftable,http://steamcommunity.com/market/listings/440/Vintage%20Bonk%20Helm
http://backpack.tf/stats/Vintage/Hustler%27s%20Hallmark/Tradable/Craftable,http://steamcommunity.com/market/listings/440/Vintage%20Hustler%27s%20Hallmark
http://backpack.tf/stats/Vintage/Frenchman%27s%20Beret/Tradable/Craftable,http://steamcommunity.com/market/listings/440/Vintage%20Frenchman%27s%20Beret
http://backpack.tf/stats/Vintage/Soldier%27s%20Stash/Tradable/Craftable,http://steamcommunity.com/market/listings/440/Vintage%20Soldier%27s%20Stash
http://backpack.tf/stats/Vintage/Brigade%20Helm/Tradable/Craftable,http://steamcommunity.com/market/listings/440/Vintage%20Brigade%20Helm
http://backpack.tf/stats/Vintage/Officer%27s%20Ushanka/Tradable/Craftable,http://steamcommunity.com/market/listings/440/Vintage%20Officer%27s%20Ushanka
http://backpack.tf/stats/Vintage/Master%27s%20Yellow%20Belt/Tradable/Craftable,http://steamcommunity.com/market/listings/440/Vintage%20Master%27s%20Yellow%20Belt
http://backpack.tf/stats/Vintage/Tippler%27s%20Tricorne/Tradable/Craftable,http://steamcommunity.com/market/listings/440/Vintage%20Tippler%27s%20Tricorne
http://backpack.tf/stats/Vintage/Noble%20Amassment%20of%20Hats/Tradable/Craftable,http://steamcommunity.com/market/listings/440/Vintage%20Noble%20Amassment%20of%20Hats
http://backpack.tf/stats/Vintage/Ritzy%20Rick%27s%20Hair%20Fixative/Tradable/Craftable,http://steamcommunity.com/market/listings/440/Vintage%20Ritzy%20Rick%27s%20Hair%20Fixative
http://backpack.tf/stats/Vintage/Heavy%20Duty%20Rag/Tradable/Craftable,http://steamcommunity.com/market/listings/440/Vintage%20Heavy%20Duty%20Rag
http://backpack.tf/stats/Vintage/Whiskered%20Gentleman/Tradable/Craftable,http://steamcommunity.com/market/listings/440/Vintage%20Whiskered%20Gentleman
http://backpack.tf/stats/Vintage/Ze%20Goggles/Tradable/Craftable,http://steamcommunity.com/market/listings/440/Vintage%20Ze%20Goggles
http://backpack.tf/stats/Vintage/Ye%20Olde%20Baker%20Boy/Tradable/Craftable,http://steamcommunity.com/market/listings/440/Vintage%20Ye%20Olde%20Baker%20Boy
http://backpack.tf/stats/Vintage/Fancy%20Fedora/Tradable/Craftable,http://steamcommunity.com/market/listings/440/Vintage%20Fancy%20Fedora
http://backpack.tf/stats/Vintage/Hound%20Dog/Tradable/Craftable,
http://backpack.tf/stats/Vintage/Hotrod/Tradable/Craftable,http://steamcommunity.com/market/listings/440/Vintage%20Hotrod
http://backpack.tf/stats/Vintage/Modest%20Pile%20of%20Hat/Tradable/Craftable,http://steamcommunity.com/market/listings/440/Vintage%20Modest%20Pile%20of%20Hat
http://backpack.tf/stats/Vintage/Vintage%20Merryweather/Tradable/Craftable,http://steamcommunity.com/market/listings/440/Vintage%20Vintage%20Merryweather
http://backpack.tf/stats/Vintage/Sergeant%27s%20Drill%20Hat/Tradable/Craftable,http://steamcommunity.com/market/listings/440/Vintage%20Sergeant%27s%20Drill%20Hat
http://backpack.tf/stats/Vintage/Triboniophorus%20Tyrannus/Tradable/Craftable,http://steamcommunity.com/market/listings/440/Vintage%20Triboniophorus%20Tyrannus
http://backpack.tf/stats/Vintage/Safe%27n%27Sound/Tradable/Craftable,http://steamcommunity.com/market/listings/440/Vintage%20Safe%27n%27Sound
http://backpack.tf/stats/Vintage/Texas%20Ten%20Gallon/Tradable/Craftable,http://steamcommunity.com/market/listings/440/Vintage%20Texas%20Ten%20Gallon
http://backpack.tf/stats/Vintage/Towering%20Pillar%20of%20Hats/Tradable/Craftable,http://steamcommunity.com/market/listings/440/Vintage%20Towering%20Pillar%20of%20Hats
http://backpack.tf/stats/Vintage/Physician%27s%20Procedure%20Mask/Tradable/Craftable,http://steamcommunity.com/market/listings/440/Vintage%20Physician%27s%20Procedure%20Mask
http://backpack.tf/stats/Vintage/Killer%27s%20Kabuto/Tradable/Craftable,http://steamcommunity.com/market/listings/440/Vintage%20Killer%27s%20Kabuto
http://backpack.tf/stats/Vintage/Troublemaker%27s%20Tossle%20Cap/Tradable/Craftable,http://steamcommunity.com/market/listings/440/Vintage%20Troublemaker%27s%20Tossle%20Cap
http://backpack.tf/stats/Vintage/Bill%27s%20Hat/Tradable/Craftable,http://steamcommunity.com/market/listings/440/Vintage%20Bill%27s%20Hat
http://backpack.tf/stats/Genuine/Neon%20Annihilator/Tradable/Craftable,http://steamcommunity.com/market/listings/440/Genuine%20Neon%20Annihilator?filter=%D0%92%D1%8B%D1%81%D1%88%D0%B5%D0%B9
http://backpack.tf/stats/Genuine/Red-Tape%20Recorder/Tradable/Craftable,http://steamcommunity.com/market/listings/440/Genuine%20Red-Tape%20Recorder?filter=%D0%92%D1%8B%D1%81%D1%88%D0%B5%D0%B9
http://backpack.tf/stats/Genuine/Companion%20Cube%20Pin/Tradable/Craftable,http://steamcommunity.com/market/listings/440/Genuine%20Red-Tape%20Recorder?filter=%D0%92%D1%8B%D1%81%D1%88%D0%B5%D0%B9
http://backpack.tf/stats/Genuine/Sun-on-a-Stick/Tradable/Craftable,
http://backpack.tf/stats/Genuine/Brimstone/Tradable/Craftable,http://steamcommunity.com/market/listings/440/Genuine%20Brimstone?filter=%D0%92%D1%8B%D1%81%D1%88%D0%B5%D0%B9
